rank,domain,curated_top100,wordlike_score,ask_price_usd,source,link
1,deralo.com,★,100.0,2350,brandbucket,https://www.godaddy.com/domainsearch/find?domainToCheck=deralo.com
2,derosa.com,★,98.4,Make offer,afternic,https://www.godaddy.com/domainsearch/find?domainToCheck=derosa.com
3,dasero.com,★,97.5,3235,brandbucket,https://www.godaddy.com/domainsearch/find?domainToCheck=dasero.com
4,batino.com,★,95.3,9000,snagged,https://www.godaddy.com/domainsearch/find?domainToCheck=batino.com
5,ditora.com,★,94.7,2815,brandbucket,https://www.godaddy.com/domainsearch/find?domainToCheck=ditora.com
6,detus.com,★,94.2,9000,snagged,https://www.godaddy.com/domainsearch/find?domainToCheck=detus.com
7,fulena.com,★,90.6,9000,snagged,https://www.godaddy.com/domainsearch/find?domainToCheck=fulena.com
8,demila.com,★,90.0,9395,afternic,https://www.godaddy.com/domainsearch/find?domainToCheck=demila.com
9,arinos.com,★,89.9,14000,snagged,https://www.godaddy.com/domainsearch/find?domainToCheck=arinos.com
10,delarus.com,★,89.9,1990,brandbucket,https://www.godaddy.com/domainsearch/find?domainToCheck=delarus.com
11,karine.com,★,89.8,200000,snagged,https://www.godaddy.com/domainsearch/find?domainToCheck=karine.com
12,darilo.com,★,88.5,17000,snagged,https://www.godaddy.com/domainsearch/find?domainToCheck=darilo.com
13,gonel.com,★,88.3,5250,afternic,https://www.godaddy.com/domainsearch/find?domainToCheck=gonel.com
14,pedosa.com,★,87.7,2860,brandbucket,https://www.godaddy.com/domainsearch/find?domainToCheck=pedosa.com
15,dumer.com,★,87.5,12000,snagged,https://www.godaddy.com/domainsearch/find?domainToCheck=dumer.com
16,ameter.com,★,87.0,28000,snagged,https://www.godaddy.com/domainsearch/find?domainToCheck=ameter.com
17,peliso.com,★,86.8,3290,brandbucket,https://www.godaddy.com/domainsearch/find?domainToCheck=peliso.com
18,depus.com,,86.7,9595,afternic,https://www.godaddy.com/domainsearch/find?domainToCheck=depus.com
19,bamena.com,★,86.6,9000,snagged,https://www.godaddy.com/domainsearch/find?domainToCheck=bamena.com
20,karina.com,★,86.5,550000,snagged,https://www.godaddy.com/domainsearch/find?domainToCheck=karina.com
21,desite.com,,86.5,20000,afternic,https://www.godaddy.com/domainsearch/find?domainToCheck=desite.com
22,kerema.com,★,86.3,8000,snagged,https://www.godaddy.com/domainsearch/find?domainToCheck=kerema.com
23,kelus.com,★,85.9,12000,snagged,https://www.godaddy.com/domainsearch/find?domainToCheck=kelus.com
24,bilen.com,★,85.8,50000,afternic,https://www.godaddy.com/domainsearch/find?domainToCheck=bilen.com
25,blaner.com,★,85.6,9000,snagged,https://www.godaddy.com/domainsearch/find?domainToCheck=blaner.com
26,aritos.com,★,85.1,10000,snagged,https://www.godaddy.com/domainsearch/find?domainToCheck=aritos.com
27,deroli.com,,84.7,3115,brandbucket,https://www.godaddy.com/domainsearch/find?domainToCheck=deroli.com
28,alirus.com,★,84.6,9000,snagged,https://www.godaddy.com/domainsearch/find?domainToCheck=alirus.com
29,depes.com,,84.1,11999,afternic,https://www.godaddy.com/domainsearch/find?domainToCheck=depes.com
30,derap.com,,84.1,6999,afternic,https://www.godaddy.com/domainsearch/find?domainToCheck=derap.com
31,delaser.com,,83.3,49850,afternic,https://www.godaddy.com/domainsearch/find?domainToCheck=delaser.com
32,kelana.com,★,83.0,14000,snagged,https://www.godaddy.com/domainsearch/find?domainToCheck=kelana.com
33,derim.com,,82.8,14000,afternic,https://www.godaddy.com/domainsearch/find?domainToCheck=derim.com
34,dile.com,★,82.6,49000,snagged,https://www.godaddy.com/domainsearch/find?domainToCheck=dile.com
35,eleder.com,★,82.4,11000,snagged,https://www.godaddy.com/domainsearch/find?domainToCheck=eleder.com
36,derum.com,,82.4,3799,afternic,https://www.godaddy.com/domainsearch/find?domainToCheck=derum.com
37,detile.com,,82.0,9995,afternic,https://www.godaddy.com/domainsearch/find?domainToCheck=detile.com
38,dumel.com,★,81.7,17000,snagged,https://www.godaddy.com/domainsearch/find?domainToCheck=dumel.com
39,elata.com,★,81.1,49435,brandbucket,https://www.godaddy.com/domainsearch/find?domainToCheck=elata.com
40,birita.com,★,80.6,12000,snagged,https://www.godaddy.com/domainsearch/find?domainToCheck=birita.com
41,plinus.com,★,80.6,5900,snagged,https://www.godaddy.com/domainsearch/find?domainToCheck=plinus.com
42,deripe.com,,80.6,800,afternic,https://www.godaddy.com/domainsearch/find?domainToCheck=deripe.com
43,demile.com,,80.4,3495,afternic,https://www.godaddy.com/domainsearch/find?domainToCheck=demile.com
44,detra.com,,80.0,48000,afternic,https://www.godaddy.com/domainsearch/find?domainToCheck=detra.com
45,demiro.com,,79.9,9000,snagged,https://www.godaddy.com/domainsearch/find?domainToCheck=demiro.com
46,baroli.com,★,79.6,23000,snagged,https://www.godaddy.com/domainsearch/find?domainToCheck=baroli.com
47,dila.com,★,79.4,11903,snagged,https://www.godaddy.com/domainsearch/find?domainToCheck=dila.com
48,karita.com,★,79.4,39000,snagged,https://www.godaddy.com/domainsearch/find?domainToCheck=karita.com
49,sapet.com,★,79.3,3575,brandbucket,https://www.godaddy.com/domainsearch/find?domainToCheck=sapet.com
50,grela.com,★,78.4,24000,snagged,https://www.godaddy.com/domainsearch/find?domainToCheck=grela.com
51,jaser.com,★,78.4,120000,snagged,https://www.godaddy.com/domainsearch/find?domainToCheck=jaser.com
52,desol.com,,78.3,55000,afternic,https://www.godaddy.com/domainsearch/find?domainToCheck=desol.com
53,buril.com,★,78.1,9000,snagged,https://www.godaddy.com/domainsearch/find?domainToCheck=buril.com
54,denil.com,,78.1,7250,afternic,https://www.godaddy.com/domainsearch/find?domainToCheck=denil.com
55,daturo.com,★,77.5,2660,brandbucket,https://www.godaddy.com/domainsearch/find?domainToCheck=daturo.com
56,golen.com,★,77.1,194888,afternic,https://www.godaddy.com/domainsearch/find?domainToCheck=golen.com
57,desint.com,,77.1,14000,snagged,https://www.godaddy.com/domainsearch/find?domainToCheck=desint.com
58,derosen.com,,76.7,3395,afternic,https://www.godaddy.com/domainsearch/find?domainToCheck=derosen.com
59,dedino.com,,76.3,5995,afternic,https://www.godaddy.com/domainsearch/find?domainToCheck=dedino.com
60,dasuro.com,★,76.0,2695,brandbucket,https://www.godaddy.com/domainsearch/find?domainToCheck=dasuro.com
61,deviner.com,,76.0,9000,snagged,https://www.godaddy.com/domainsearch/find?domainToCheck=deviner.com
62,blinet.com,★,75.9,9000,snagged,https://www.godaddy.com/domainsearch/find?domainToCheck=blinet.com
63,disenar.com,★,75.9,9000,snagged,https://www.godaddy.com/domainsearch/find?domainToCheck=disenar.com
64,edana.com,★,75.8,15000,snagged,https://www.godaddy.com/domainsearch/find?domainToCheck=edana.com
65,detele.com,,75.7,7295,afternic,https://www.godaddy.com/domainsearch/find?domainToCheck=detele.com
66,renol.com,★,75.6,7310,brandbucket,https://www.godaddy.com/domainsearch/find?domainToCheck=renol.com
67,derent.com,,75.3,9000,snagged,https://www.godaddy.com/domainsearch/find?domainToCheck=derent.com
68,daseni.com,★,75.3,3255,brandbucket,https://www.godaddy.com/domainsearch/find?domainToCheck=daseni.com
69,dened.com,,75.2,23499,afternic,https://www.godaddy.com/domainsearch/find?domainToCheck=dened.com
70,delots.com,,75.1,895,afternic,https://www.godaddy.com/domainsearch/find?domainToCheck=delots.com
71,pentero.com,★,74.8,3475,brandbucket,https://www.godaddy.com/domainsearch/find?domainToCheck=pentero.com
72,derafa.com,,74.2,Make offer,afternic,https://www.godaddy.com/domainsearch/find?domainToCheck=derafa.com
73,denumo.com,,74.0,3685,brandbucket,https://www.godaddy.com/domainsearch/find?domainToCheck=denumo.com
74,kesal.com,★,73.9,9000,snagged,https://www.godaddy.com/domainsearch/find?domainToCheck=kesal.com
75,bofes.com,★,73.9,500,snagged,https://www.godaddy.com/domainsearch/find?domainToCheck=bofes.com
76,deloti.com,,73.5,2085,brandbucket,https://www.godaddy.com/domainsearch/find?domainToCheck=deloti.com
77,detens.com,,73.5,3195,afternic,https://www.godaddy.com/domainsearch/find?domainToCheck=detens.com
78,derebel.com,,73.3,895,afternic,https://www.godaddy.com/domainsearch/find?domainToCheck=derebel.com
79,dedine.com,,73.3,2499,afternic,https://www.godaddy.com/domainsearch/find?domainToCheck=dedine.com
80,ritol.com,★,73.2,5195,brandbucket,https://www.godaddy.com/domainsearch/find?domainToCheck=ritol.com
81,ilanos.com,★,73.0,2900,snagged,https://www.godaddy.com/domainsearch/find?domainToCheck=ilanos.com
82,lazer.com,★,72.8,477000,atom,https://www.godaddy.com/domainsearch/find?domainToCheck=lazer.com
83,alente.com,★,72.7,19000,snagged,https://www.godaddy.com/domainsearch/find?domainToCheck=alente.com
84,degale.com,,72.7,7195,afternic,https://www.godaddy.com/domainsearch/find?domainToCheck=degale.com
85,ulona.com,★,72.7,3675,brandbucket,https://www.godaddy.com/domainsearch/find?domainToCheck=ulona.com
86,devoma.com,,72.6,2835,brandbucket,https://www.godaddy.com/domainsearch/find?domainToCheck=devoma.com
87,detimes.com,,72.5,995,afternic,https://www.godaddy.com/domainsearch/find?domainToCheck=detimes.com
88,jiter.com,★,72.4,19000,snagged,https://www.godaddy.com/domainsearch/find?domainToCheck=jiter.com
89,prived.com,★,72.3,9000,snagged,https://www.godaddy.com/domainsearch/find?domainToCheck=prived.com
90,pelila.com,★,71.9,2295,brandbucket,https://www.godaddy.com/domainsearch/find?domainToCheck=pelila.com
91,deraven.com,,71.9,1695,afternic,https://www.godaddy.com/domainsearch/find?domainToCheck=deraven.com
92,kostra.com,★,71.6,16000,snagged,https://www.godaddy.com/domainsearch/find?domainToCheck=kostra.com
93,depolo.com,,71.5,Make offer,afternic,https://www.godaddy.com/domainsearch/find?domainToCheck=depolo.com
94,dehola.com,,71.3,289,afternic,https://www.godaddy.com/domainsearch/find?domainToCheck=dehola.com
95,dereg.com,,71.2,10995,afternic,https://www.godaddy.com/domainsearch/find?domainToCheck=dereg.com
96,debite.com,,71.0,Make offer,afternic,https://www.godaddy.com/domainsearch/find?domainToCheck=debite.com
97,harde.com,★,71.0,19000,snagged,https://www.godaddy.com/domainsearch/find?domainToCheck=harde.com
98,josina.com,★,70.9,9000,snagged,https://www.godaddy.com/domainsearch/find?domainToCheck=josina.com
99,datol.com,,70.8,6045,brandbucket,https://www.godaddy.com/domainsearch/find?domainToCheck=datol.com
100,delip.com,,70.4,10595,afternic,https://www.godaddy.com/domainsearch/find?domainToCheck=delip.com
101,prontus.com,★,70.3,9000,snagged,https://www.godaddy.com/domainsearch/find?domainToCheck=prontus.com
102,detimer.com,,70.3,Make offer,afternic,https://www.godaddy.com/domainsearch/find?domainToCheck=detimer.com
103,kitamo.com,★,70.1,8000,snagged,https://www.godaddy.com/domainsearch/find?domainToCheck=kitamo.com
104,fure.com,★,69.9,79000,snagged,https://www.godaddy.com/domainsearch/find?domainToCheck=fure.com
105,iberos.com,★,69.9,24000,snagged,https://www.godaddy.com/domainsearch/find?domainToCheck=iberos.com
106,desap.com,,69.5,39000,afternic,https://www.godaddy.com/domainsearch/find?domainToCheck=desap.com
107,dobasa.com,★,69.3,2455,brandbucket,https://www.godaddy.com/domainsearch/find?domainToCheck=dobasa.com
108,domiga.com,★,69.3,2730,brandbucket,https://www.godaddy.com/domainsearch/find?domainToCheck=domiga.com
109,dosiro.com,★,69.2,2945,brandbucket,https://www.godaddy.com/domainsearch/find?domainToCheck=dosiro.com
110,livinus.com,★,69.2,9000,afternic,https://www.godaddy.com/domainsearch/find?domainToCheck=livinus.com
111,adalen.com,★,69.1,18000,snagged,https://www.godaddy.com/domainsearch/find?domainToCheck=adalen.com
112,detha.com,,69.1,7595,afternic,https://www.godaddy.com/domainsearch/find?domainToCheck=detha.com
113,amavel.com,★,69.0,14000,snagged,https://www.godaddy.com/domainsearch/find?domainToCheck=amavel.com
114,deforo.com,,68.7,3525,brandbucket,https://www.godaddy.com/domainsearch/find?domainToCheck=deforo.com
115,derank.com,,68.6,5000,afternic,https://www.godaddy.com/domainsearch/find?domainToCheck=derank.com
116,blira.com,★,68.4,10000,snagged,https://www.godaddy.com/domainsearch/find?domainToCheck=blira.com
117,demba.com,,68.3,15000,afternic,https://www.godaddy.com/domainsearch/find?domainToCheck=demba.com
118,dorolo.com,★,68.3,2575,brandbucket,https://www.godaddy.com/domainsearch/find?domainToCheck=dorolo.com
119,bonap.com,★,68.2,55888,snagged,https://www.godaddy.com/domainsearch/find?domainToCheck=bonap.com
120,dengos.com,,67.9,1795,afternic,https://www.godaddy.com/domainsearch/find?domainToCheck=dengos.com
121,jumer.com,★,67.8,28000,snagged,https://www.godaddy.com/domainsearch/find?domainToCheck=jumer.com
122,binum.com,★,67.8,6999,afternic,https://www.godaddy.com/domainsearch/find?domainToCheck=binum.com
123,derug.com,,67.8,4795,afternic,https://www.godaddy.com/domainsearch/find?domainToCheck=derug.com
124,deraw.com,,67.8,3499,afternic,https://www.godaddy.com/domainsearch/find?domainToCheck=deraw.com
125,depure.com,,67.7,19000,afternic,https://www.godaddy.com/domainsearch/find?domainToCheck=depure.com
126,brandi.com,★,67.7,850000,snagged,https://www.godaddy.com/domainsearch/find?domainToCheck=brandi.com
127,deding.com,,67.5,Make offer,afternic,https://www.godaddy.com/domainsearch/find?domainToCheck=deding.com
128,detom.com,,67.4,4999,afternic,https://www.godaddy.com/domainsearch/find?domainToCheck=detom.com
129,vedir.com,★,67.3,3815,brandbucket,https://www.godaddy.com/domainsearch/find?domainToCheck=vedir.com
130,dehes.com,,67.3,12000,afternic,https://www.godaddy.com/domainsearch/find?domainToCheck=dehes.com
131,dirol.com,★,67.2,23000,snagged,https://www.godaddy.com/domainsearch/find?domainToCheck=dirol.com
132,wamala.com,★,67.1,3825,brandbucket,https://www.godaddy.com/domainsearch/find?domainToCheck=wamala.com
133,habido.com,★,67.1,9000,snagged,https://www.godaddy.com/domainsearch/find?domainToCheck=habido.com
134,denatal.com,,67.0,2217,afternic,https://www.godaddy.com/domainsearch/find?domainToCheck=denatal.com
135,desiri.com,,66.9,3500,afternic,https://www.godaddy.com/domainsearch/find?domainToCheck=desiri.com
136,desip.com,,66.9,16999,afternic,https://www.godaddy.com/domainsearch/find?domainToCheck=desip.com
137,denobel.com,,66.8,9995,afternic,https://www.godaddy.com/domainsearch/find?domainToCheck=denobel.com
138,detap.com,,66.8,11895,afternic,https://www.godaddy.com/domainsearch/find?domainToCheck=detap.com
139,despero.com,,66.8,9000,snagged,https://www.godaddy.com/domainsearch/find?domainToCheck=despero.com
140,devet.com,,66.6,23995,afternic,https://www.godaddy.com/domainsearch/find?domainToCheck=devet.com
141,keri.com,★,66.5,255040,brandbucket,https://www.godaddy.com/domainsearch/find?domainToCheck=keri.com
142,depeter.com,,66.5,2950,afternic,https://www.godaddy.com/domainsearch/find?domainToCheck=depeter.com
143,fotal.com,★,66.1,18000,snagged,https://www.godaddy.com/domainsearch/find?domainToCheck=fotal.com
144,desung.com,,66.1,5550,afternic,https://www.godaddy.com/domainsearch/find?domainToCheck=desung.com
145,demika.com,,66.1,10095,afternic,https://www.godaddy.com/domainsearch/find?domainToCheck=demika.com
146,karusa.com,★,66.0,9000,snagged,https://www.godaddy.com/domainsearch/find?domainToCheck=karusa.com
147,dembro.com,,66.0,9000,snagged,https://www.godaddy.com/domainsearch/find?domainToCheck=dembro.com
148,amande.com,★,66.0,44000,snagged,https://www.godaddy.com/domainsearch/find?domainToCheck=amande.com
149,dorevo.com,★,65.9,2085,brandbucket,https://www.godaddy.com/domainsearch/find?domainToCheck=dorevo.com
150,ahera.com,★,65.8,700,snagged,https://www.godaddy.com/domainsearch/find?domainToCheck=ahera.com
151,depolar.com,,65.7,19999,afternic,https://www.godaddy.com/domainsearch/find?domainToCheck=depolar.com
152,disturo.com,,65.6,2590,brandbucket,https://www.godaddy.com/domainsearch/find?domainToCheck=disturo.com
153,dehero.com,,65.6,29888,afternic,https://www.godaddy.com/domainsearch/find?domainToCheck=dehero.com
154,depens.com,,65.5,4799,afternic,https://www.godaddy.com/domainsearch/find?domainToCheck=depens.com
155,ivanel.com,★,65.5,9000,snagged,https://www.godaddy.com/domainsearch/find?domainToCheck=ivanel.com
156,dahura.com,,65.3,2060,brandbucket,https://www.godaddy.com/domainsearch/find?domainToCheck=dahura.com
157,lesak.com,★,65.2,14000,snagged,https://www.godaddy.com/domainsearch/find?domainToCheck=lesak.com
158,ebita.com,★,65.2,1500,snagged,https://www.godaddy.com/domainsearch/find?domainToCheck=ebita.com
159,bakala.com,★,65.1,1000,snagged,https://www.godaddy.com/domainsearch/find?domainToCheck=bakala.com
160,ilmers.com,★,65.1,2900,snagged,https://www.godaddy.com/domainsearch/find?domainToCheck=ilmers.com
161,apetal.com,★,64.9,9000,snagged,https://www.godaddy.com/domainsearch/find?domainToCheck=apetal.com
162,arnese.com,★,64.7,19000,snagged,https://www.godaddy.com/domainsearch/find?domainToCheck=arnese.com
163,derush.com,,64.6,7999,afternic,https://www.godaddy.com/domainsearch/find?domainToCheck=derush.com
164,gosha.com,★,64.4,45000,afternic,https://www.godaddy.com/domainsearch/find?domainToCheck=gosha.com
165,fevida.com,★,63.9,499,porkbun.com/marketplace,https://www.godaddy.com/domainsearch/find?domainToCheck=fevida.com
166,avistel.com,★,63.8,9000,snagged,https://www.godaddy.com/domainsearch/find?domainToCheck=avistel.com
167,ebira.com,★,63.8,15000,snagged,https://www.godaddy.com/domainsearch/find?domainToCheck=ebira.com
168,degamer.com,,63.8,3695,afternic,https://www.godaddy.com/domainsearch/find?domainToCheck=degamer.com
169,amandel.com,★,63.7,15000,snagged,https://www.godaddy.com/domainsearch/find?domainToCheck=amandel.com
170,adils.com,★,63.6,9000,snagged,https://www.godaddy.com/domainsearch/find?domainToCheck=adils.com
171,pentaso.com,,63.6,4915,brandbucket,https://www.godaddy.com/domainsearch/find?domainToCheck=pentaso.com
172,definal.com,,63.5,4999,afternic,https://www.godaddy.com/domainsearch/find?domainToCheck=definal.com
173,zider.com,,63.4,19000,snagged,https://www.godaddy.com/domainsearch/find?domainToCheck=zider.com
174,pepura.com,,63.3,1965,brandbucket,https://www.godaddy.com/domainsearch/find?domainToCheck=pepura.com
175,aligar.com,,63.1,14000,snagged,https://www.godaddy.com/domainsearch/find?domainToCheck=aligar.com
176,iveso.com,,63.1,Make offer,snagged,https://www.godaddy.com/domainsearch/find?domainToCheck=iveso.com
177,amostra.com,,62.8,18000,snagged,https://www.godaddy.com/domainsearch/find?domainToCheck=amostra.com
178,longo.com,,62.5,389999,atom,https://www.godaddy.com/domainsearch/find?domainToCheck=longo.com
179,jinetes.com,,62.5,19000,snagged,https://www.godaddy.com/domainsearch/find?domainToCheck=jinetes.com
180,dabol.com,,62.3,16000,snagged,https://www.godaddy.com/domainsearch/find?domainToCheck=dabol.com
181,detip.com,,62.1,7195,afternic,https://www.godaddy.com/domainsearch/find?domainToCheck=detip.com
182,petah.com,,62.0,18000,snagged,https://www.godaddy.com/domainsearch/find?domainToCheck=petah.com
183,pathino.com,,62.0,2335,brandbucket,https://www.godaddy.com/domainsearch/find?domainToCheck=pathino.com
184,denumi.com,,62.0,3695,brandbucket,https://www.godaddy.com/domainsearch/find?domainToCheck=denumi.com
185,gabil.com,,61.9,22000,snagged,https://www.godaddy.com/domainsearch/find?domainToCheck=gabil.com
186,fota.com,,61.9,150000,snagged,https://www.godaddy.com/domainsearch/find?domainToCheck=fota.com
187,dolevo.com,,61.7,2345,brandbucket,https://www.godaddy.com/domainsearch/find?domainToCheck=dolevo.com
188,udelo.com,,61.7,3475,brandbucket,https://www.godaddy.com/domainsearch/find?domainToCheck=udelo.com
189,deshine.com,,61.6,6583,afternic,https://www.godaddy.com/domainsearch/find?domainToCheck=deshine.com
190,jenita.com,,61.6,19000,snagged,https://www.godaddy.com/domainsearch/find?domainToCheck=jenita.com
191,sehar.com,,61.6,28000,snagged,https://www.godaddy.com/domainsearch/find?domainToCheck=sehar.com
192,umiro.com,,61.5,3685,brandbucket,https://www.godaddy.com/domainsearch/find?domainToCheck=umiro.com
193,deput.com,,61.3,7499,afternic,https://www.godaddy.com/domainsearch/find?domainToCheck=deput.com
194,bangura.com,,61.2,15000,snagged,https://www.godaddy.com/domainsearch/find?domainToCheck=bangura.com
195,alomi.com,,61.1,18000,snagged,https://www.godaddy.com/domainsearch/find?domainToCheck=alomi.com
196,agrel.com,,61.0,9000,snagged,https://www.godaddy.com/domainsearch/find?domainToCheck=agrel.com
197,detogo.com,,60.8,595,afternic,https://www.godaddy.com/domainsearch/find?domainToCheck=detogo.com
198,imode.com,,60.8,63655,brandbucket,https://www.godaddy.com/domainsearch/find?domainToCheck=imode.com
199,agunet.com,,60.7,2900,snagged,https://www.godaddy.com/domainsearch/find?domainToCheck=agunet.com
200,boga.com,,60.7,111290,brandbucket,https://www.godaddy.com/domainsearch/find?domainToCheck=boga.com
201,surlo.com,,60.6,4315,brandbucket,https://www.godaddy.com/domainsearch/find?domainToCheck=surlo.com
202,dehar.com,,60.5,9999,afternic,https://www.godaddy.com/domainsearch/find?domainToCheck=dehar.com
203,karols.com,,60.5,13000,snagged,https://www.godaddy.com/domainsearch/find?domainToCheck=karols.com
204,zaren.com,,60.4,28000,snagged,https://www.godaddy.com/domainsearch/find?domainToCheck=zaren.com
205,detung.com,,60.3,5999,afternic,https://www.godaddy.com/domainsearch/find?domainToCheck=detung.com
206,dermuna.com,,60.3,2995,brandbucket,https://www.godaddy.com/domainsearch/find?domainToCheck=dermuna.com
207,peloru.com,,60.2,2350,brandbucket,https://www.godaddy.com/domainsearch/find?domainToCheck=peloru.com
208,fotos.com,,60.2,950000,snagged,https://www.godaddy.com/domainsearch/find?domainToCheck=fotos.com
209,kigaro.com,,60.1,3900,snagged,https://www.godaddy.com/domainsearch/find?domainToCheck=kigaro.com
210,detak.com,,60.0,59350,afternic,https://www.godaddy.com/domainsearch/find?domainToCheck=detak.com
211,bisul.com,,60.0,10000,snagged,https://www.godaddy.com/domainsearch/find?domainToCheck=bisul.com
212,demap.com,,60.0,4488,afternic,https://www.godaddy.com/domainsearch/find?domainToCheck=demap.com
213,defol.com,,60.0,15999,afternic,https://www.godaddy.com/domainsearch/find?domainToCheck=defol.com
